{
    "F1_Aggregate_Token": 0.30862818125387953,
    "Precision_Aggregate_Token": 0.3141268637856962,
    "Recall_Aggregate_Token": 0.3033186920449,
    "F1_Macro_Token": 0.295846500888289,
    "F1_Action_Token": 0.23477297895902546,
    "Precision_Action_Token": 0.23425414364640884,
    "Recall_Action_Token": 0.23529411764705882,
    "F1_Actor_Token": 0.4338756779307468,
    "Precision_Actor_Token": 0.4258804258804259,
    "Recall_Actor_Token": 0.4421768707482993,
    "F1_Effect_Token": 0.21853388658367914,
    "Precision_Effect_Token": 0.21823204419889503,
    "Recall_Effect_Token": 0.2188365650969529,
    "F1_Evidence_Token": 0.25604996096799376,
    "Precision_Evidence_Token": 0.28034188034188035,
    "Recall_Evidence_Token": 0.23563218390804597,
    "F1_Victim_Token": 0.336,
    "Precision_Victim_Token": 0.3620689655172414,
    "Recall_Victim_Token": 0.31343283582089554
}